x1,y1,z1,label
110.08849,-191.88387,93.84761,study
138.67825,389.2962,240.96257,patients
-230.8149,-346.4229,356.3372,treatment
-42.340366,29.692497,-15.990774,clinical
27.537226,-37.94535,13.919419,evaluate
36.245815,-5.3252325,22.399809,group
55.871098,-8.298734,21.121332,trial
12.380699,11.954694,3.7669258,participants
15.334327,-149.38866,127.58578,cancer
80.979,7.7094846,-8.170521,disease
50.748055,31.389942,28.373692,safety
122.18728,9.443674,-183.51108,therapy
15.182198,-1.1517886,22.78596,intervention
19.876137,-37.718143,47.813717,investigators
55.295837,-2.7803016,42.838696,randomized
-39.185833,167.71288,168.92175,care
-53.22348,-1091.3761,-86.094,pain
1.8768588,-42.184082,6.465226,use
7.0505805,-8.063953,-15.499506,efficacy
-51.641933,-32.7866,17.769136,may
-28.160397,-1.0478523,-13.175131,using
68.52923,19.225832,60.119537,health
38.712147,6.171695,-69.08957,risk
-17.77961,39.58008,11.924693,blood
37.627865,-74.0926,23.35743,aim
-304.68387,892.4678,843.0197,surgery
0.12505637,-7.728181,-12.431987,effects
20.88364,-3.5071852,-79.205864,subjects
33.291367,-71.385,23.671457,purpose
37.311092,53.374935,-13.130021,control
2.175833,-14.891606,41.632706,used
-28.190071,13.091504,-17.429703,two
-6.785835,63.88844,-23.588076,primary
-4.244669,-11.062697,-8.440096,effect
30.27762,-32.216007,16.366106,assess
-2.029393,-26.390448,-18.937464,also
24.941704,-29.645727,59.974373,one
8.218257,5.092876,-24.70506,patient
5.3417673,62.01304,17.867468,determine
-39.7271,-14.793472,-12.215481,compared
-13.075317,-20.955133,37.32746,data
58.688274,-10.080431,39.088097,phase
20.2063,13.099897,-5.6810756,studies
28.855274,81.21911,81.31598,test
-20.992361,12.171446,30.139381,dose
32.20504,-66.60016,16.146688,objective
1.8223938,17.661985,32.329815,months
-51.23193,617.47363,422.64142,outcomes
7.074904,33.1457,-83.76779,quality
10.057706,-2.8284354,5.9130683,time
19.908524,-6.979935,25.5728,receive
9.904945,-23.54638,27.84569,whether
9.653987,-28.943264,2.544361,research
13.979912,87.50244,-40.973606,standard
6.5067787,13.246177,33.060177,weeks
-48.854275,-8.873802,28.946135,improve
6.643614,-7.4641895,-33.46609,children
-3.991863,57.732338,-83.64414,life
-80.08203,-28.438425,5.0500364,associated
12.340966,52.942764,-0.95327127,function
120.48572,-150.45476,76.60204,years
20.152414,-35.93775,14.446767,compare
-25.2301,5.8221593,18.431007,high
-31.46476,-45.374672,-10.796672,different
24.5129,-44.361412,13.087522,investigate
20.001732,9.225738,-44.376263,women
-48.0935,-29.75442,-40.04048,chronic
203.95547,-119.202866,-27.501192,first
-75.6226,-77.34606,-55.3823,however
-4.94362,59.00822,9.816366,activity
-3.87006,13.598938,-13.522792,system
-21.181799,8.779662,-18.69875,rate
-48.288235,-45.213387,-1.868456,well
-64.352295,-42.58819,-62.326733,program
25.304874,-7.1438165,-35.239662,healthy
2.514521,13.446979,-56.99595,cells
-18.758469,31.367462,-8.649075,physical
35.542564,34.707634,-23.611906,training
42.69397,34.990906,-21.9133,exercise
30.83854,60.493866,40.532745,new
30.007208,-2.8836238,-72.85135,based
71.66574,-18.962242,36.780624,prospective
59.75591,10.223561,52.035255,controlled
1.5706329,3.7831764,33.42387,groups
80.35992,-14.6766205,12.190682,symptoms
29.514572,-51.998962,33.73945,aims
-24.47563,-18.841408,5.1689734,response
-14.082916,-30.542221,-13.224613,including
4.8951983,8.59653,13.391406,results
60.567715,-35.349846,-80.208244,following
-2.6700559,46.726276,25.57138,changes
24.041058,16.831928,33.86906,period
38.357872,-13.231142,-0.07588982,combination
47.189568,-18.378452,44.252563,single
-6.2222524,-41.800667,35.684258,population
8.303831,-12.245648,-10.593621,effectiveness
48.14641,1.0534943,-59.025753,outcome
-2.654557,27.96388,31.232347,days
17.080708,132.63525,8.683773,factors
-0.8030165,-11.862969,-4.1871824,impact
-32.693455,76.08865,45.30812,among
-39.61788,-0.84549767,0.35079926,postoperative
-127.5724,119.638466,42.476337,management
-0.3153491,17.093073,3.1157138,effective
36.831272,-34.59423,29.284224,brain
-59.011253,22.024164,-14.648603,acute
8.036704,-27.718792,-17.376362,early
11.254814,34.101467,-20.863167,medical
-207.148,238.17888,-152.65584,performed
40.259098,-0.45892012,36.00128,placebo
-66.77959,35.55992,25.855513,levels
9.477291,28.703598,12.885964,drug
10.252756,-28.627981,-56.409805,cell
-48.484383,-5.677242,34.73624,reduce
13.664122,-2.879651,-52.273617,people
-6.4881787,10.445279,-43.019253,hospital
-59.04441,-31.394869,-22.743425,without
-30.96794,-7.314156,57.59831,cognitive
-13.345186,43.806988,-16.810467,heart
-31.014261,29.776262,-32.970936,body
-44.258453,-74.82247,-32.45007,type
-41.693027,27.846987,-4.5530014,pressure
-25.295908,-68.359985,20.545467,secondary
-53.699493,33.665314,9.670937,muscle
-62.153915,0.15698862,5.9973397,low
2.0872047,-9.1609535,-39.04301,adults
-22.535143,3.402871,10.174932,surgical
16.81081,-25.1297,-25.391375,current
22.666958,45.409817,28.383215,oral
6.6640906,-41.258934,36.726223,provide
-49.55648,0.25633064,14.101577,increase
-1.9420058,-27.430906,19.372229,three
-56.71406,-42.041615,12.000415,could
-5.623589,0.1790483,-27.688725,diabetes
-24.932255,-39.548214,-54.891758,common
60.53347,-36.087547,44.52889,part
-6.6252255,-4.2062144,-62.485737,treated
36.173195,-57.42106,19.644196,project
-9.107595,-33.893467,77.064064,designed
11.386641,-52.556553,15.20424,chemotherapy
4.219194,-22.175581,-25.679579,functional
-9.759259,32.490696,25.388496,tumor
19.775473,-7.4787984,-50.1696,individuals
-25.903687,61.062717,-51.79179,total
37.100674,9.358606,-0.819815,assessment
13.635599,2.9432588,-34.387074,age
-66.234436,-33.697662,-2.6250017,related
19.012869,30.614006,-17.205801,daily
-14.270437,-15.827727,-16.995506,potential
-25.496561,71.49318,8.620998,level
13.13775,22.154127,30.965605,day
66.22394,8.122002,4.817273,feasibility
-21.808887,-38.993282,21.074234,imaging
-62.789124,-18.89643,2.6418674,better
18.881968,16.47545,26.889948,followup
-58.223934,-34.280342,-9.562085,due
44.756172,-31.459679,36.582478,design
1.8091817,-84.55236,-2.5073802,main
37.22329,-6.2677054,61.506172,either
-36.19281,-5.940904,28.422632,help
-12.211461,-33.762188,-31.41864,diagnosis
-5.907511,-9.637299,29.182478,shown
-24.65357,-10.775096,-77.80863,development
-68.79094,22.739227,-0.15322198,increased
63.57913,-9.291527,22.025707,pilot
9.261662,-40.09702,-25.567688,within
-4.1880345,39.844925,-36.12856,breast
15.94435,-60.265533,39.5188,information
15.741211,-13.684825,12.862686,device
-25.389019,39.98101,-43.4849,lung
51.19173,-19.408312,-11.3906355,evaluation
-30.013521,6.3064013,-22.771265,complications
-16.402164,-63.024525,30.97201,include
-62.363297,-70.31424,113.285164,therefore
-14.460821,-59.147923,-2.4259677,specific
-38.103844,-68.44742,19.264793,hypothesis
-53.95467,-11.36692,-43.38069,severe
26.925991,-15.14976,-57.10809,important
-18.945011,50.105083,8.795326,tissue
31.455608,8.399785,63.410748,conducted
3.7267175,-62.68031,51.67459,analysis
22.373857,33.018085,-4.6180463,baseline
8.69648,59.653038,-3.1405263,performance
10.676469,-13.495625,-85.72168,advanced
7.0038853,94.367966,39.977486,addition
-9.846051,9.1358795,69.738075,measured
41.398106,-55.19833,-26.767063,undergoing
41.782795,33.301235,23.919392,tolerability
3.265326,9.195443,-30.099348,weight
21.785225,0.29157495,-3.4206924,methods
68.79498,-5.9092727,33.830036,multicenter
4.921719,-65.35401,25.467178,present
-18.197926,37.655945,-8.853435,sleep
24.262484,-4.2794924,-19.279257,interventions
21.288265,-18.925098,-9.485188,approach
-7.2751884,52.338436,-18.302757,stroke
-29.484245,26.157534,-17.276215,loss
-5.7122407,11.529759,66.71786,assessed
37.02143,-36.614033,20.524538,identify
20.851627,18.75504,53.55443,evaluated
26.033392,36.217556,-20.68326,stimulation
-38.949074,-63.712345,0.70915896,number
22.763798,-25.599352,41.228085,support
-78.38205,-0.13325554,-28.347849,significant
75.43314,-68.89427,18.768051,order
15.924734,9.911645,28.047892,week
24.826164,4.4169106,44.444653,given
-52.92371,10.183572,-35.942665,mortality
-11.907449,-21.566925,0.28302795,versus
26.850365,-73.67467,15.472591,goal
36.359055,36.312336,23.382936,administration
-34.57763,-17.161556,-63.94124,procedure
44.566776,6.967375,43.300373,arm
-18.943203,-43.320915,-7.638383,many
3.8002877,-30.067726,-2.9848874,evidence
32.978916,-43.335125,14.183644,examine
-31.127796,-59.729366,34.44679,cause
-31.281448,8.195415,-3.7908876,survival
-28.562176,14.939519,-52.268585,cardiac
0.71500295,-13.745321,54.24302,practice
48.76051,-18.67168,24.306871,cohort
47.918686,-53.002945,-5.0955224,multiple
-52.82182,-35.565273,22.689257,would
-12.370544,-4.561337,61.37056,method
-40.876175,23.284704,14.6929865,measures
-9.605906,8.330203,39.635017,treatments
-1.9439857,2.0682878,-0.30986992,technique
-17.140669,31.778362,-49.360462,liver
-3.5905077,-52.761448,25.15882,develop
70.96738,-0.74745154,15.579275,ii
52.547268,19.953102,24.353443,followed
-23.767208,-18.131144,-39.543243,major
29.728222,-26.946167,-52.162663,incidence
30.616945,14.874747,25.653212,screening
-25.629654,1.6699251,-44.671852,failure
10.40789,19.646858,-50.290825,work
-46.441883,-30.921722,-10.712262,known
-77.36814,-0.7705079,10.605548,lower
-16.78572,-60.07133,48.76714,need
-38.520687,-56.634228,52.869473,according
-42.966637,7.744871,15.7193985,change
-88.43206,47.005955,-143.94371,drugs
26.28711,-7.9417033,50.050026,administered
-62.262447,-7.374201,-26.384262,infection
-15.457322,-29.454195,-65.42226,syndrome
-41.97762,-47.79247,-76.787506,bone
6.4461913,32.2753,-60.012753,stress
41.916294,2.984003,-13.670106,protocol
21.0886,-17.119078,-41.46897,adult
29.767483,17.03524,9.098761,tests
-22.301018,-40.85851,-1.5246412,several
33.28066,-32.496655,-7.0909166,therapeutic
21.63632,44.68382,3.7353332,general
-41.28164,-9.795986,-31.709978,cardiovascular
14.376038,-35.61115,-7.5818853,available
6.9026523,-69.62262,-10.018555,human
-60.842155,52.792824,3.11745,immune
-35.800774,-26.230663,6.3846583,longterm
-4.1833916,27.967258,-15.973243,diseases
-27.622242,14.157219,66.96582,year
-30.922745,50.103416,41.282,respiratory
28.690615,-24.919847,14.897738,measure
-22.355433,6.591844,79.13499,mg
-50.93121,6.612291,-18.558336,reduction
25.08053,70.182,-2.6988182,rehabilitation
-34.86315,-9.973409,-58.813854,disorder
-13.898188,63.36832,-55.844864,overall
-50.416737,63.693962,5.4478607,parameters
41.83403,-29.881924,-61.581913,positive
-37.74749,-28.467419,77.03591,prior
5.1970987,5.881711,53.753193,collected
-22.028807,-5.578718,-16.91074,depression
-37.8417,-8.770428,-49.502247,disorders
-0.008446602,3.2942405,78.90245,criteria
12.05219,-10.865813,-29.90538,older
-40.79876,-35.670895,-53.91515,often
58.47912,15.844414,33.586643,doses
41.15479,18.407715,27.724846,developed
-16.117659,13.794728,18.353079,duration
20.827593,-5.941816,17.068127,complete
16.910625,-41.712345,-15.8906355,possible
66.55101,-6.4890614,41.043903,openlabel
55.152405,60.540604,-5.633096,stage
-9.796682,25.624622,-13.818614,conditions
20.162512,-83.27554,20.64813,objectives
20.12758,-73.319496,39.615295,per
0.57003987,12.115591,28.794113,hours
-45.778896,24.127535,-23.324583,pulmonary
-46.324203,-7.837984,-92.40595,injury
-25.161549,-54.926506,9.692012,currently
-8.85509,36.023582,-12.193985,active
-6.7311153,-17.351784,-7.668123,role
-0.7861152,45.465168,-6.049089,status
-24.433178,-22.192017,-6.562397,monitoring
-24.394293,-8.022573,36.979717,anesthesia
-35.10896,-2.4501088,-21.301521,rates
-35.43791,43.54514,56.668556,side
-12.022924,-14.374326,-49.77706,skin
-11.284405,9.60754,5.0107193,less
-62.965122,66.06729,-5.200962,combined
-15.174949,4.8863373,-2.6268888,injection
18.040714,30.511267,-37.325565,prevention
-24.963852,39.574097,-16.176628,medication
-18.414484,54.705193,-0.02645382,growth
-62.025932,-23.535185,26.784258,thus
-18.338867,53.04138,-76.98884,anxiety
-68.23433,-56.91941,11.156704,local
-56.58214,-14.352901,-62.001713,adverse
75.53569,-30.406399,-63.021458,b
-57.009743,-41.38298,58.455673,second
8.826862,-25.03768,-37.707436,receiving
-62.711056,-11.92583,-2.1923106,higher
24.026283,3.0980787,70.145805,enrolled
-80.332886,6.285312,-7.9840436,andor
-23.522203,37.361885,-0.33845547,glucose
-24.922209,-15.344835,44.883766,block
-7.8783026,25.013433,-6.3729525,condition
-15.704085,-41.638336,39.33064,approximately
-26.266403,-64.61704,-20.305445,prevalence
-72.05398,-4.147341,2.5889904,decrease
4.6057835,-61.79416,0.40215752,novel
13.021109,-24.635391,47.490677,proposed
46.025867,25.337185,-3.074998,diet
5.1219134,10.393972,49.076447,samples
34.217484,15.705842,12.399587,testing
-49.78455,44.334827,19.893623,reducing
-48.770664,61.900627,-25.781904,recovery
65.0967,2.3499584,-82.9043,ability
-11.828175,-9.218145,79.03015,previous
-44.779343,42.989254,5.403447,inflammation
-33.475876,5.0956,14.816184,diagnostic
-4.9114227,-81.82491,-57.325798,recent
-89.628136,52.336758,13.164548,treating
-2.2255569,-49.410927,19.325878,lead
-44.87475,27.699503,-34.984367,reported
-12.951065,6.245858,-18.48698,normal
-0.41158253,-80.55639,24.671768,application
46.60836,45.42229,-16.770187,social
18.774067,-3.537403,-65.63378,scale
-44.188553,-23.296917,-23.743586,pregnancy
33.31643,-27.087744,-22.871653,model
-17.52748,-39.24738,16.219986,mri
-26.189695,33.99594,25.352928,insulin
-35.047047,-16.630173,-4.1855884,ultrasound
-42.23423,-47.60339,-48.713116,events
-44.32887,46.37052,19.213415,improving
4.784536,24.707155,-35.305004,procedures
-57.40393,-46.26082,71.46855,least
66.5295,8.297123,25.58898,open
-31.168936,65.53384,16.962889,plus
77.28661,-16.636723,40.1539,observational
2.3911743,-0.76421577,90.60987,randomly
25.649584,-39.855194,20.418556,explore
53.122295,20.518938,10.24725,visit
-73.455154,-36.100826,35.24187,result
11.224403,41.39732,33.326057,infants
-80.85433,-15.202353,-10.954601,progression
41.666615,-70.34767,-47.56244,hiv
52.399517,-81.63992,30.669872,called
-20.44031,-41.31907,-24.385826,conventional
-57.506935,1.2630812,-7.7263875,improvement
-23.141554,-72.67043,0.013022135,benefit
-1.3205396,-28.295301,-65.85591,radiation
18.503311,-1.1227925,72.45933,included
46.430702,36.061413,2.8135622,food
-31.988966,-57.405186,18.429878,via
-32.11774,26.686598,14.618725,protein
-28.937263,-27.514399,68.08319,cases
15.263849,40.01145,-42.172894,delivery
-19.07806,-13.308678,-67.22092,score
53.4692,45.453133,9.668046,alone
91.19429,-10.9616165,4.600548,usual
62.122772,-11.725809,46.424076,doubleblind
-5.612012,-54.199814,-41.080635,small
-4.1237497,-10.767682,-61.937523,diagnosed
-2.8336542,72.63798,-4.7840066,experience
65.96291,36.58182,-43.71948,knee
-24.9647,18.704792,-34.32378,index
-49.68184,50.964706,-0.8250794,inflammatory
-29.529743,-61.895855,-52.720802,factor
-8.659315,35.569065,52.136055,end
-26.923437,58.775505,-28.17448,renal
40.30858,-88.24405,27.356047,coronary
-69.7289,33.23766,8.932005,increasing
-7.9206824,-15.997784,13.423731,techniques
-24.651941,55.322918,-2.9827535,metabolic
87.48353,11.510837,-55.16632,motor
61.998585,-40.41178,8.434523,undergo
54.572296,-23.566988,16.381157,center
53.171608,-53.22459,-20.54356,sample
-45.57258,0.8335761,-9.8214655,improved
-45.84327,-11.434505,38.43227,prevent
-6.108507,64.01109,42.82267,adherence
19.342339,23.672775,5.0509815,ie
21.38074,44.426228,63.656044,comparison
22.941092,-20.152905,5.8768215,knowledge
1.3330114,-12.9342,-70.85265,metastatic
28.669481,-49.488247,-56.32997,exposure
20.108858,5.719948,-14.978748,strategies
-55.363174,-33.044815,1.9430712,limited
24.89629,32.999416,8.290242,comparing
99.2304,29.143227,15.395024,setting
44.494717,20.729002,-39.30286,education
58.908073,40.208492,47.357502,pharmacokinetics
-37.516315,-3.78794,14.893212,additional
42.362545,18.733376,-25.817797,sessions
-19.57132,37.619366,-51.5463,kidney
19.675352,10.934422,18.668556,visits
61.685722,-5.8910174,-62.31256,mental
-72.91966,-4.5484405,-40.8265,death
-1.8609607,17.00004,-28.320875,pediatric
-73.95779,-57.67724,46.444687,resistance
-6.7328153,-21.123692,-72.31978,tumors
-24.040104,46.39392,16.74658,flow
-10.349315,-59.629593,-43.60089,large
54.00324,-57.69328,38.98529,experimental
-23.733587,-11.968511,19.493065,nerve
-25.14688,43.440083,65.644264,long
18.947386,-86.06168,46.734978,future
16.126913,-68.14806,4.7510247,vaccine
-53.642193,31.991177,-55.76835,peripheral
80.93154,30.182121,-24.598684,questionnaire
66.12899,-38.864643,24.838882,half
-44.828934,-17.953135,56.19502,found
6.546602,-29.849363,15.525162,university
-54.782074,-82.363266,-28.834354,treat
29.622257,-20.45714,33.306843,home
60.23164,39.625908,-13.683334,behavioral
6.7818336,25.00583,-17.192577,biomarkers
38.82211,53.58467,22.808426,every
12.740777,-36.801296,66.69527,take
70.77483,25.054234,-38.81499,process
44.367683,-4.5839047,59.51444,assigned
7.6490264,9.192157,-78.65106,safe
-44.777027,81.09959,6.504173,strength
43.705933,9.464226,-21.11958,strategy
54.655914,-3.540148,-28.638634,community
-40.75141,3.409147,-34.50113,severity
-3.7700224,-25.3289,-53.384346,obesity
540.1931,-24.518171,-13.774241,reduced
4.1937532,61.791664,50.488026,trials
-57.127316,41.61237,-12.106874,mechanisms
-62.502018,-24.616468,-62.579327,moderate
-23.788094,38.31517,-60.82054,prostate
-16.888712,38.663036,57.500187,considered
24.606695,-53.86226,28.225048,aimed
46.18409,-74.02031,-14.930225,tool
76.61971,-6.8172655,5.5362463,received
43.69231,-74.8822,-3.20464,still
43.204742,-66.708405,44.51369,clinic
24.330145,-70.598335,-9.192967,access
36.4206,-45.731613,-18.712465,individual
-87.08466,53.82454,-10.791421,morbidity
84.38242,5.1149907,56.92298,last
53.6825,-28.242931,82.683395,dietary
-57.72096,-27.8609,52.724014,markers
52.800476,12.496589,-37.42067,post
-2.138998,-43.78155,56.75266,target
2.2065275,61.104244,36.64429,characteristics
26.004942,6.714901,-67.15557,young
-6.365349,19.755865,18.17872,routine
63.33448,-56.717926,-35.69048,hypothesize
1.2131071,-8.7467165,29.800095,applied
-71.26461,15.746027,50.660076,fluid
-43.174374,46.096264,33.6886,balance
13.975776,8.478745,53.503986,recruited
-24.90168,22.943758,5.5662785,systemic
-49.906475,14.761381,-63.24706,volume
-58.39355,-30.628973,40.465786,recently
90.63078,-4.1103277,46.84977,perform
-33.790657,-50.629887,42.262756,defined
25.954546,-45.88464,-15.095628,regarding
7.3616652,13.417089,23.736624,minutes
-71.62747,-74.20852,-15.972801,us
18.044811,39.7476,18.95354,measurements
39.689266,-95.20243,10.934763,although
-27.63198,-45.59706,-3.8222578,various
53.39835,10.294346,15.267874,initial
9.3631315,-10.354127,54.996494,done
-1.0787966,24.540688,36.754566,month
64.752655,-62.068256,18.473236,best
-47.831844,-58.2974,20.857933,central
76.170135,-45.37173,24.683548,regimen
37.12884,-31.207203,-66.163956,negative
-21.749882,35.886707,-30.191854,lesions
-15.469816,53.10429,22.98334,plasma
-31.16972,-0.4362973,7.380852,acid
-17.857824,-87.22684,-45.008545,vs
34.15813,-61.123753,-33.292503,despite
-100.93933,-16.0483,1.8503797,artery
-66.45754,-36.06882,10.09404,poor
20.678698,-17.344294,20.76845,allow
36.445095,-27.976452,18.984058,demonstrate
-4.5424128,-11.524559,-16.364222,benefits
-19.189222,47.37207,25.869486,serum
-49.013264,-24.88234,-80.18041,intensive
3.204195,-22.386372,17.828121,four
28.740776,38.59082,-62.12102,visual
25.490335,-14.237912,-95.190186,relationship
-78.02931,26.77871,3.6595175,greater
13.021571,-81.277855,-1.3374627,noninvasive
-82.6428,-26.480148,32.448326,demonstrated
59.400818,-4.923244,3.332936,implementation
-71.48228,-15.146233,7.8234186,back
28.263088,-59.633434,7.0429115,intravenous
36.44252,38.04168,-2.7889905,vitamin
76.28547,29.546566,17.115377,eligible
-16.190464,71.613174,18.804958,upper
-31.985014,34.0726,-2.6175368,oxygen
-21.742193,71.35668,-46.96777,impairment
-46.99289,23.875353,-48.952267,dysfunction
81.19479,1.5284837,-46.470436,spinal
-46.632492,-7.2036633,-17.045874,eg
69.704445,-75.67065,-7.5683455,course
-9.077887,72.89489,-48.736305,problems
16.844566,-62.35991,-12.534017,genetic
10.112067,41.78688,-86.494,profile
-18.4334,50.924774,89.43682,transplantation
-64.18123,-42.6102,-8.823635,leading
61.125076,17.01266,10.182058,follow
39.577347,-82.84654,43.341904,detection
61.861004,2.8202991,43.270733,placebocontrolled
3.4711251,2.1343727,58.091866,obtained
-35.501698,-24.821663,31.537992,especially
36.72129,9.606801,-58.16552,guidelines
46.24456,-34.03003,10.570051,evaluates
-26.122074,8.404974,-88.10893,affect
-60.7251,-20.234686,-28.688002,vascular
-11.641788,-1.036248,-30.912395,hypertension
7.3772864,-17.133165,-49.352478,ventilation
5.7389174,35.584244,15.742101,frequency
1.3272283,-0.15016706,-48.781086,aged
-18.343994,25.075262,58.965336,iv
29.232307,-32.35764,23.465483,understand
-16.795322,59.419983,-22.42229,satisfaction
-25.192375,-40.20471,27.9357,magnetic
4.098664,-80.4945,-40.807755,association
-4.5344825,-11.521673,-32.87691,adolescents
65.17582,17.125656,-45.573116,consumption
70.23579,13.666248,35.177994,iii
-4.8519664,73.62733,35.80873,short
-3.8242476,-6.9386683,46.166714,recommended
-76.46139,-43.424213,-3.4856472,even
19.574608,-45.57155,24.456867,find
33.469936,-14.850237,-48.56325,elderly
26.375702,7.0568404,-34.08744,volunteers
76.689316,-11.992941,-35.420494,form
28.705639,-2.5561674,65.38813,participate
-14.675361,-100.66751,-6.7327204,history
73.04797,62.55316,10.585814,optimal
40.31571,-33.6708,-14.488884,needed
19.47986,22.887144,-74.57651,psychological
-14.17936,-73.83064,-31.346989,technology
-15.308912,35.648155,44.032932,medicine
-41.25006,-45.224495,-28.827177,causes
26.541553,-86.465996,-32.714115,understanding
46.54509,-45.76138,20.053797,evaluating
-31.523483,51.78894,6.459116,intake
42.374825,37.04389,-69.36513,healthcare
-31.69608,2.5743794,-59.532555,infections
-39.8955,73.70399,22.088041,c
10.466056,-13.88786,-39.312603,men
-3.1612616,-34.852222,-16.107054,presence
-15.496852,-31.984943,56.013065,continuous
-25.639528,-28.045416,79.28043,preliminary
-4.3298793,22.425806,-38.21151,emergency
-53.269318,-46.130123,-38.962097,remains
68.93382,39.9449,-12.282905,behavior
5.0038767,45.235615,60.659023,researchers
-28.844938,-54.741104,-34.044544,influence
25.70189,91.006355,-41.803932,expected
17.482264,-58.244312,-24.134232,since
9.701391,-42.672947,56.09157,see
63.87798,0.7157229,-29.64918,value
51.721893,17.108524,-86.499664,family
-55.63044,33.355145,71.229805,gut
44.945133,42.658413,-5.8631277,transplant
-11.669775,-18.795965,68.99337,size
-64.844215,-12.046012,-46.440163,significantly
53.109013,1.3330182,47.121624,randomised
82.595604,25.449041,-57.982853,background
19.06296,46.834423,75.346306,studied
-24.054995,-52.271862,54.87869,case
-36.399128,37.050232,-56.2498,capacity
-4.720765,-29.406124,64.21051,traditional
74.43466,0.089866884,-24.209007,services
87.71317,15.87301,18.140224,way
-23.874798,12.046415,43.76591,radiotherapy
32.054543,37.110306,34.26255,opioid
26.320765,50.072147,-64.49744,activities
-51.325188,-11.324728,-81.05296,invasive
70.02809,65.30864,-17.135567,state
-46.76489,-36.098278,15.9332695,might
7.4963446,62.31437,-13.007413,term
96.0252,16.510166,-5.9778366,smoking
-22.99105,-50.476067,34.1024,predict
61.155273,-50.222504,15.219705,show
31.068539,47.793022,-88.74601,previously
-35.050457,44.314774,26.249905,stem
-61.890488,-32.947884,29.460516,make
-42.40331,64.81637,-13.043676,terms
70.197784,-63.31735,-1.2030699,includes
5.356343,-20.707905,34.036427,able
52.73173,-33.07242,29.442144,conduct
17.697462,11.715192,-89.89243,living
-38.734467,-67.36311,46.266525,types
-19.007372,-63.79372,76.56502,site
92.48233,1.9828712,11.320547,national
-5.608856,24.643427,54.169613,times
70.38047,-53.153374,-53.656136,intensity
-52.07871,-8.161189,-1.3759599,infusion
3.7066257,45.791996,24.398092,differences
-68.48612,15.002502,14.076004,measurement
-97.69392,-14.814472,29.601713,burden
34.681606,-73.82564,-16.99846,unit
-31.174706,-16.25557,-93.96482,gastric
23.278418,-70.41863,2.7679818,child
15.985339,22.0413,50.940388,tested
53.128387,43.012203,38.179417,pk
-24.302176,48.859684,-66.83878,carcinoma
-55.28557,-43.733677,-2.6574626,yet
36.92743,-37.97067,38.960964,propose
-66.30727,-50.85334,58.76183,area
-54.67444,-61.84094,-23.854727,bleeding
-68.849365,5.809093,-19.151228,disability
-16.056702,34.33556,-78.46475,copd
-25.702566,-14.000198,-0.827872,identified
-26.935156,-56.77324,-56.014374,receptor
81.70338,-25.569366,17.563578,establish
-7.251198,-4.8806243,6.7517548,therapies
-78.21395,-34.427025,-37.59952,lack
17.349089,14.682563,-21.08321,medications
4.1913943,23.965197,56.989178,taken
-58.16945,-73.23145,-20.34158,eye
25.951466,29.583797,39.23502,provided
32.219807,18.926859,-19.269365,questionnaires
-50.396408,1.690876,-29.629242,analgesia
-82.87651,5.074333,3.3172145,responses
20.08751,-78.97114,-60.18874,commonly
39.003185,22.383219,21.557148,approved
20.279799,-0.41955948,-19.722736,programs
-76.79902,-14.113765,-51.772728,affects
-40.933754,43.600082,-44.55738,preoperative
-70.57928,-44.12866,44.21429,like
-51.440495,74.93262,15.525659,cerebral
-14.623849,-53.750187,-21.779472,team
-17.557592,-34.13534,-36.929737,prognosis
69.02178,-39.332714,35.903294,department
18.05388,57.358475,-55.310966,walking
-7.6140494,-33.864235,-2.6546738,good
-36.734707,-34.213245,-4.0781217,range
16.097813,-11.811146,44.059498,direct
-92.321846,-20.48742,42.1219,cervical
45.51804,65.10423,39.17112,mass
18.455194,-26.353146,31.771677,plan
-21.842573,43.145134,79.47589,literature
-5.494832,44.783714,-10.227658,left
-8.673494,11.99055,-85.90407,colorectal
28.868378,-60.772808,-15.063198,asthma
13.740801,-45.059708,37.805325,collect
7.8860455,-21.41621,73.75108,subject
-47.356293,87.23381,18.746965,sensitivity
15.996347,18.386726,57.632027,investigated
41.61051,-3.179031,-50.20567,problem
24.860474,58.16169,34.28049,assessments
-35.43178,20.8255,-20.14084,recurrence
-85.010956,-11.113019,33.46808,amount
-14.860893,-3.6633532,1.458543,nutritional
8.21466,21.348557,85.32023,clinically
32.108227,-64.93451,52.884205,participant
36.217064,-21.81137,-58.99062,difficult
-11.958173,-63.62337,17.892218,developing
-46.43452,50.41869,55.434616,pd
-9.016845,21.918709,-33.92442,icu
-41.362354,29.20473,32.693325,cost
-55.00952,-2.4596374,14.2722845,increases
-58.80821,-54.633675,-4.283472,similar
23.426159,-1.537312,-37.915817,obese
36.35033,-47.879642,80.99865,involved
28.92722,30.367264,45.22398,made
-13.252147,74.087524,-27.755756,hand
-5.475658,3.330264,39.947643,parents
27.8107,72.83145,-71.16569,ct
-61.547264,74.00413,36.99243,success
69.835045,32.570324,27.318018,laparoscopic
101.10891,-13.406418,-6.7528076,birth
64.21884,-43.5178,-13.512887,session
-86.98771,-39.06268,39.673195,potentially
-61.98511,56.346745,-18.47241,damage
35.264194,83.27916,-22.994057,abdominal
-50.703686,75.04508,-33.67137,mechanical
14.831953,-32.781757,11.218059,difference
-41.164616,-8.086932,47.804394,specifically
-34.80368,49.473392,-26.989914,resection
-35.78767,-45.119717,55.322136,free
-23.42495,-24.990383,-86.21225,recurrent
75.9138,-57.30199,-40.367058,biopsy
38.396297,36.401474,-82.66048,appropriate
54.78914,20.747719,-68.654785,alcohol
-20.548742,1.4546211,-12.207429,scores
72.746925,-39.508186,-52.713562,public
67.0535,-22.515354,-30.963766,established
-48.31307,10.4247875,59.042725,stay
-18.69904,25.377188,41.96645,examination
22.974995,-69.47967,-36.332462,microbiota
0.073825076,-51.774055,-52.320354,alternative
-45.221874,-17.181622,-64.55614,affected
31.768122,64.37353,-14.411355,energy
-5.839342,12.205068,-4.783946,ratio
30.48337,9.24777,30.042871,consent
61.31363,-38.473198,-3.8282685,diabetic
52.85237,-13.381587,39.63743,crossover
-39.798367,-70.3157,-44.436398,characterized
-38.741833,32.090107,59.082935,maintenance
-11.876318,61.56289,-13.735991,gene
-51.93,59.469036,65.47815,joint
61.847565,53.46513,14.318531,participation
-88.49195,36.768612,-32.499516,bowel
2.423648,-81.85583,-15.617231,old
59.74371,-24.760084,-13.937288,findings
-49.0054,38.27375,-39.19589,fatigue
-78.876236,0.6659814,33.663845,myocardial
39.523067,-7.7450795,-26.084112,required
-25.297297,64.95275,-17.218632,arterial
-20.751759,-46.48266,2.9056451,world
-54.964764,-5.186071,-43.31251,mild
48.071964,-35.96097,54.997456,inhibitor
-91.25123,-13.517817,-26.263762,improves
-15.471142,46.04901,-3.30546,fat
-22.81068,16.723633,95.81068,airway
13.150355,-16.67047,63.123352,selected
2.815469,56.717487,-4.502632,composition
-62.50776,-4.9633584,53.627804,urine
36.08394,53.150967,-76.14645,male
22.6523,57.615467,67.13075,variables
-26.250315,-37.992767,3.7916956,biological
71.11877,-27.33695,-16.702978,focus
22.380753,71.4144,-30.85375,exercises
-8.240074,45.563194,8.06682,metabolism
33.67009,-29.17025,9.8573475,describe
-15.548186,-20.486816,6.020265,catheter
74.683815,50.502983,-5.3350716,accuracy
-9.957186,-61.269844,66.43736,systems
6.9414186,75.20883,37.620903,occur
55.027523,-29.38527,-0.28575456,nutrition
-57.920944,61.974407,40.850548,neck
-45.08325,63.44188,35.894825,supplementation
88.05919,16.481737,31.76679,wound
55.41882,10.41784,83.421875,needs
-43.873146,-42.810104,65.03615,retrospective
72.221306,15.504529,-57.15149,observed
-6.565542,-38.883446,49.186516,get
25.538616,-41.721195,49.078274,want
-21.233742,58.347824,-39.747425,pancreatic
49.14987,43.61613,-79.650764,expression
-47.006042,-30.556297,43.78227,et
40.71465,-27.488003,58.1675,six
-23.552435,15.129635,16.277637,length
-6.151788,96.96739,8.51631,delivered
57.305416,-13.038697,-87.07529,caused
53.56933,32.31998,10.207952,line
-83.212494,-38.81177,26.851612,head
-9.3581705,79.27529,-12.729194,refractory
38.747574,42.735348,63.685947,pembrolizumab
23.335732,32.01737,85.0841,another
-16.126963,18.767889,21.772785,maximum
-55.017174,-13.119436,9.157837,achieve
-7.5602803,-63.21053,-23.556479,key
31.882515,-25.61425,78.334625,collection
-51.304913,-47.712494,38.33507,showed
-51.43888,10.819107,-85.69295,devices
-79.55001,-39.083397,-52.442535,critical
26.357212,12.712388,-63.5911,pregnant
23.894371,-2.2062726,34.66073,laboratory
-16.355352,6.0328307,67.25408,determined
32.9277,46.925186,64.59487,nivolumab
-6.3191853,-41.65207,86.07377,decision
20.70707,52.76922,15.97082,solid
11.865108,56.294662,-87.410515,skills
-1.5045438,-51.34581,35.093346,detect
-66.74325,12.883334,-49.43278,complex
-32.199184,66.59427,-7.907455,maternal
13.677637,-2.5423234,47.61791,asked
26.60545,-61.983105,78.05736,induction
60.008358,9.754869,-17.408993,discharge
60.094177,18.371357,-9.455563,controls
-34.976402,-25.579391,-57.71318,serious
7.0180435,55.18417,-73.35935,symptom
-30.603958,-40.5502,13.288511,resonance
-42.43693,-3.6497102,75.90881,monitor
53.368465,2.3453104,37.558186,parallel
7.4743695,7.006121,6.0147767,sites
28.32332,41.70968,-50.021904,learning
-15.974459,-48.64303,16.406958,tomography
12.850051,61.57158,-41.093613,functioning
-4.125952,-19.810225,8.001795,approaches
-16.01648,53.918507,-26.070992,costs
10.971117,-17.958288,-21.136477,furthermore
-85.49303,-62.772892,-6.551067,toxicity
27.728615,29.073889,65.30115,analyzed
-1.4821459,78.522224,23.348722,hip
43.71959,33.365383,-57.538162,urinary
62.304604,-10.292833,-10.25507,product
26.676949,42.88948,-37.207726,caregivers
6.556524,-43.422024,-33.493732,across
7.9685674,5.147053,-66.731125,countries
29.337894,-33.13654,93.61403,third
21.905367,64.66414,47.55628,lifestyle
-14.788251,-74.32679,45.606003,implant
36.906002,11.918251,-37.11213,tube
66.17725,1.4662523,4.1001797,acceptability
-38.924904,-28.46173,52.077866,nasal
-31.647154,-15.006797,27.339409,particularly
76.70115,-34.144367,-36.822746,outpatient
46.871586,-16.282343,-79.34015,memory
-12.383174,51.101788,-39.76183,atrial
4.566284,17.76591,6.10508,anesthetic
-31.378696,0.19091299,-37.23845,al
12.59029,-28.206224,58.75731,widely
-68.959595,40.197895,-7.15628,concentration
50.909992,-5.9155583,-57.169033,assessing
44.3902,-64.13775,67.83023,date
50.4535,54.15167,41.93293,agent
-8.466459,-49.68501,-12.157731,usually
53.33991,-11.002281,89.15765,targeted
-14.198957,44.63668,36.78896,physiological
-23.11202,68.84628,-33.501663,frequent
-12.463487,-83.91856,26.947834,become
46.39084,40.437096,82.14225,inclusion
20.965517,-76.4986,-27.82015,chinese
80.98077,-13.971087,23.542408,dental
-43.22347,91.25723,-3.0146713,gastrointestinal
-89.89214,-48.04185,-8.880354,providing
10.881367,27.968082,-26.95666,centers
-62.999676,-66.48689,42.518078,onset
65.42872,70.77793,4.8201084,learn
-100.806885,-4.2723813,-21.629904,highly
63.97154,-22.502825,11.951708,endpoint
-86.11328,-6.767141,-19.513372,reduces
-10.16929,-54.20337,21.665628,promote
38.43676,60.81586,69.45898,light
35.271645,20.446918,45.749115,completed
9.83133,-42.47122,16.933613,address
-0.29674384,12.792276,58.982822,recorded
-15.580664,88.703926,-13.745748,gait
75.23643,12.624733,-39.551964,settings
21.443361,-71.169395,52.1505,antibody
-9.147949,-19.833765,-17.15645,beneficial
16.015207,87.52322,1.7328731,replacement
-18.495234,42.70871,-39.738792,ovarian
36.48906,-11.384378,17.31453,arms
-49.80439,-88.43782,-0.5801555,mobile
5.262269,-45.566658,66.251564,continue
23.038956,-21.421322,41.464256,point
-63.10445,-69.79807,28.27676,healing
-64.45298,-14.401641,-24.66646,graft
11.415762,-5.552244,85.81758,divided
26.40393,55.62733,-30.497816,behaviors
-63.396465,15.823162,-15.657472,ischemic
89.5185,33.035404,-0.2980223,investigational
-64.008255,13.2700405,-74.95198,trauma
72.05587,-3.782354,45.97688,label
-81.58781,34.838856,54.10721,cancers
11.461448,30.072433,42.057453,weekly
0.07879416,-94.538185,-9.22458,means
5.5359735,67.97458,-77.324524,movement
-46.05316,-5.2820096,24.582136,enhance
-0.9411025,-27.89303,-10.645468,correlation
5.6422634,-46.42503,79.10826,carried
30.92686,-65.28657,-43.733273,female
38.41276,-42.583496,-70.49455,lymphoma
-88.10529,-38.498184,-27.790533,laser
-20.717356,-82.4738,-58.899837,areas
-23.744833,24.519264,32.707363,agents
-3.4606884,-29.71678,-29.559797,mechanism
64.86332,-29.152952,69.76996,investigator
-10.509351,-40.749695,18.676039,scan
-33.928757,-63.072273,-19.745417,worldwide
11.261935,77.44168,1.0276065,electrical
41.883614,88.7055,34.326866,repair
10.506284,54.177616,68.06155,activation
-8.063325,-61.11258,-83.9061,ms
63.236683,-51.500908,-4.7765565,consists
36.897953,-43.211796,-83.912415,likely
67.87793,-15.844549,-75.02607,leads
-13.807435,-97.72472,25.772627,modified
-24.085646,-3.7661896,-33.62502,iron
-67.06564,16.682163,3.7093353,decreased
13.255893,-34.853672,-23.188105,around
37.532722,-58.585545,-52.368904,taking
91.13486,25.333204,44.34557,start
0.05136139,-9.158506,106.868744,models
35.581566,-35.796844,12.471944,analyze
-2.8798072,-63.494457,-57.74843,estimated
45.479164,22.573812,31.939514,described
49.026314,2.3311608,-42.31643,attention
7.4077873,-85.602745,32.16998,already
-18.847427,-77.54629,35.30432,ablation
-14.97347,-72.60885,63.925842,survey
6.1903954,-55.33671,39.925255,provides
-91.804115,3.7129638,-12.045304,induced
-4.9584303,66.593796,-58.206474,wellbeing
-48.592644,74.53841,43.029594,intestinal
60.016262,-2.0618668,17.870798,rct
22.251604,-0.6396733,-49.04122,persons
38.122246,10.091363,-88.009544,functions
24.197504,-38.169697,-24.549614,existing
86.833595,-12.385258,-29.321714,app
47.798523,68.68145,-39.943596,limb
63.63302,22.748598,-79.28617,dementia
-13.67521,18.514902,9.976949,endoscopic
75.25474,-22.511309,62.211678,planned
41.330166,67.376076,8.037129,emotional
-31.747454,7.126973,-28.798174,perioperative
-73.416016,3.1170976,-70.68789,service
14.75484,32.812237,11.986551,virus
15.138527,22.878342,89.55059,informed
45.53597,63.934788,-12.353725,cord
11.105001,-24.105474,8.972386,review
-53.442814,-19.976015,-71.65977,survivors
1.0908613,-37.363487,-41.14016,molecular
44.208202,-60.186245,32.257084,investigation
38.648228,76.278465,39.953827,cycle
58.77656,26.431017,-52.981636,communication
47.21975,-54.805935,7.4633784,registry
42.420315,-8.144239,-71.43063,populations
7.535611,83.25698,-63.523922,relapse
-18.760479,-45.464706,91.8162,repeated
-43.284058,-29.200783,-24.253202,preterm
5.029779,-16.834322,8.952256,spread
25.64499,2.086679,5.9707317,validated
-80.53966,50.843548,0.81520176,tolerance
10.071235,92.99449,-21.756002,anterior
-39.662384,2.4733715,52.656284,solution
13.949192,21.565226,-50.40945,works
10.649365,-57.05604,-52.477615,set
-45.774708,-37.65874,52.196686,require
-43.196526,0.74974144,42.63739,stop
-32.41158,73.92264,-41.564445,particular
9.77797,84.775764,21.081688,muscles
92.981705,-23.277748,-39.161106,breathing
42.582535,-45.835567,1.1355978,unknown
21.503695,-35.37945,-14.590767,predictive
63.739708,11.175335,-70.97526,context
43.284473,36.46357,34.70314,dosing
-27.383081,19.88042,-57.71117,venous
-7.3779435,-43.814022,-93.623344,intraoperative
82.35303,-15.712469,45.40501,international
53.933327,-4.6865315,-12.615957,analgesic
55.91252,-25.495249,-36.272667,tools
69.557846,13.4930315,-29.230713,relative
-9.40377,87.18528,32.838284,right
38.437122,81.080986,8.708263,surface
-75.737625,20.505062,-31.218292,fibrosis
11.154184,-103.472565,-14.9279585,points
-59.10828,20.257662,14.163123,immediate
19.67195,-22.084455,11.587345,providers
12.27691,-46.91784,45.19548,obtain
-9.407639,-29.531729,-95.30019,necessary
7.451748,8.411406,-48.542103,field
-76.84614,-19.732899,68.97399,subsequent
24.374228,-6.3017654,-56.590164,essential
-7.2629385,46.567497,28.49751,values
65.30141,49.9754,-62.267365,school
-77.34459,-54.756966,-12.961701,dna
-3.6261852,-71.510475,-71.58174,report
-48.584175,42.87878,-20.437199,rapid
31.816471,30.575861,-49.168156,illness
31.563047,-4.4172015,-45.17155,students
-35.864857,-80.35702,50.09583,resulting
54.727985,-20.27838,72.7528,reference
50.039597,0.22539482,-92.91546,feedback
-23.02894,-53.42113,-3.6026242,certain
-8.337861,53.26872,-6.4611115,states
-16.36259,22.76065,-7.223962,signs
30.760988,-41.297462,27.444298,characterize
-80.63278,31.56431,-34.18953,bladder
-3.9015126,85.52952,4.77127,adjuvant
46.764603,-52.71298,-75.15868,antibiotic
30.4576,85.853935,41.71838,whole
-15.701087,32.609764,-84.3482,ad
50.03636,-87.12315,-14.441232,relevant
-41.03046,-27.125439,2.5147986,little
-31.848177,2.6259723,-46.421032,deficiency
-8.116613,65.10357,9.159368,action
-31.837456,-43.296005,-36.076736,successful
16.756796,7.4535,-31.324732,ages
45.839996,-4.942748,-17.974192,basis
-43.982624,7.8148794,83.55331,together
5.283583,-56.597507,-26.820776,identification
-9.201639,-44.687725,-52.43306,hepatitis
57.25757,-3.808877,55.83413,double
-19.847254,49.611404,-55.962067,risks
-12.024453,-4.3114924,19.550413,directly
-0.019187726,-1.1432468,11.518805,topical
-48.608242,-87.89321,-17.15585,moreover
-45.67653,-25.265762,-56.69087,stable
28.903065,78.819496,53.351227,cycles
-30.075003,-48.782185,-45.33384,position
17.207857,97.5859,-26.897648,pelvic
